<?xml version="1.0" encoding="UTF-8"?>
<beans xmlns="http://www.springframework.org/schema/beans" xmlns:xsi="http://www.w3.org/2001/XMLSchema-instance"
	xsi:schemaLocation="http://www.springframework.org/schema/beans 
    http://www.springframework.org/schema/beans/spring-beans-3.0.xsd">

	<!-- 依赖 finance-dao-context 中定义的各个 dao 对象。  -->
	
	<!-- Charge Service -->
	<bean id="chargeService" class="com.ksa.service.finance.impl.ChargeServiceImpl">
		<property name="chargeDao" ref="chargeDao" />
		<property name="bookingNoteDao" ref="bookingNoteDao" />
	</bean>
	
	<!-- Account Service -->
	<bean id="accountService" class="com.ksa.service.finance.impl.AccountServiceImpl">
		<property name="accountDao" ref="accountDao" />
		<property name="accountCurrencyRateDao" ref="accountCurrencyRateDao" />
	</bean>
	
	<!-- Invoice Service -->
	<bean id="invoiceService" class="com.ksa.service.finance.impl.InvoiceServiceImpl">
		<property name="invoiceDao" ref="invoiceDao" />
		<property name="accountDao" ref="accountDao" />
	</bean>
	
</beans>