<?xml version="1.0" encoding="UTF-8"?>
<beans xmlns="http://www.springframework.org/schema/beans" xmlns:xsi="http://www.w3.org/2001/XMLSchema-instance"
	xsi:schemaLocation="http://www.springframework.org/schema/beans 
    http://www.springframework.org/schema/beans/spring-beans-3.0.xsd">

	<!-- SqlSession Factory -->
	<bean id="sqlSessionFactory" class="org.mybatis.spring.SqlSessionFactoryBean">
		<property name="dataSource" ref="dataSource" />
		<property name="configLocation" value="classpath:mybatis/mybatis-config.xml" />
		<property name="mapperLocations" value="classpath*:mybatis/mapper/**/*.xml" />
	</bean>

	<!-- SqlSession Template -->
	<bean id="sqlSession" class="org.mybatis.spring.SqlSessionTemplate">
		<constructor-arg index="0" ref="sqlSessionFactory" />
	</bean>

	<!-- 抽象的 Mybaits Dao 基类 -->
	<bean id="mybatisDao" class="com.ksa.dao.AbstractMybatisDao" abstract="true">
		<property name="sqlSession" ref="sqlSession" />
	</bean>
	
	<import resource="classpath*:spring/dao/*-dao-context.xml" />
	
	<!-- 可以变相解决同一层模块间的依赖问题 -->
	<!-- <import resource="classpath*:spring/*-dao-context-1.xml" />
	<import resource="classpath*:spring/*-dao-context-2.xml" />
	<import resource="classpath*:spring/*-dao-context-3.xml" /> -->
	
</beans>