<?xml version="1.0" encoding="UTF-8"?>
<beans xmlns="http://www.springframework.org/schema/beans" xmlns:xsi="http://www.w3.org/2001/XMLSchema-instance"
	xsi:schemaLocation="http://www.springframework.org/schema/beans 
    http://www.springframework.org/schema/beans/spring-beans-3.0.xsd">

	<!-- 依赖 bd-dao-context 中定义的各个 dao 对象。  -->
	
	<bean id="basicDataService" class="com.ksa.service.bd.impl.BasicDataServiceImpl">
		<property name="basicDataDao" ref="basicDataDao" />
	</bean>
	
	<bean id="currencyRateService" class="com.ksa.service.bd.impl.CurrencyRateServiceImpl">
		<property name="currencyRateDao" ref="currencyRateDao" />
	</bean>
	
	<bean id="partnerService" class="com.ksa.service.bd.impl.PartnerServiceImpl">
		<property name="partnerDao" ref="partnerDao" />
	</bean>
	
</beans>